hash,filename,summary
2b67feeb,../befund.jpg,"--- Tile at (0,0) --- 0,32 Wasser 1,25 3,04 Wand 3,15 0,7 0,93 C Rectangle --- Tile at (807,0) --- T"
da63ceed,INPUT/02-01-alu-branded-w0nk0_neurological_art_beautiful.png,
949e9ba2,INPUT/06-01-taille-personalisee-pilz-final.png,
8ad8ce50,INPUT/11px-X_mark.svg.png,
424dcd97,INPUT/11px-Yes_check.svg.png,
4c8d0a5d,INPUT/15px-OOjs_UI_icon_edit-ltr-progressive.svg.png,
882dd355,INPUT/330px-Diphenhydramine_2D_skeletal.svg.png,
831b83d3,INPUT/330px-Diphenhydramine_3D_2aot.png,
bf89c3e9,INPUT/45px-Commons-logo.svg.png,
1843da3b,INPUT/4d9337eb37cd164080af05356d08699c.png,
c7968db9,INPUT/59E9ADFC-B61E-4AD2-AE0E-972F7F623FB1-5-.png,
67a34532,INPUT/5a0020e34d7aec187d41b4a6c87418b0.png,Überblick zu den RLS-Medikamenten Wirkstoff Handelsname Bemerkung Für die RLS-Therapie zugelassene M
d00ec6f5,INPUT/68747470733a2f2f636f6c61622e72657365617263682e676f.png,
94ddc86d,INPUT/68747470733a2f2f696d672e736869656c64732e696f2f6769.1.png,
4dd6b757,INPUT/68747470733a2f2f696d672e736869656c64732e696f2f6769.png,
bbe45cbd,INPUT/68747470733a2f2f696d672e736869656c64732e696f2f7079.png,
78335c2c,INPUT/68747470733a2f2f697369746d61696e7461696e65642e636f.png,
1c02bedf,INPUT/81195143.png,
992555b4,INPUT/GHBanner.png,
1038affa,INPUT/IMG_0707-sq.png,
f8630ada,INPUT/IMG_20151212_111908.279.png,"--- Tile at (0,0) --- Finanzamt Friedberg (Hessen) Finanzamt Friedberg (Postfach 100362, 61143 Fried"
67a34532,INPUT/5a0020e34d7aec187d41b4a6c87418b0.png,Überblick zu den RLS-Medikamenten Wirkstoff Handelsname Bemerkung Für die RLS-Therapie zugelassene M
1038affa,INPUT/IMG_0707-sq.png,
f8630ada,INPUT/IMG_20151212_111908.279.png,"--- Tile at (0,0) --- Finanzamt Friedberg (Hessen) Finanzamt Friedberg (Postfach 100362, 61143 Fried"
